ID	ERS	ERR	Source	Country	Region	Year	GyrA	Nal	Amp	Str	Sul	Tri	Cot	Cmp	Tet	dfrA1	aadA1	strA	strB	sul2	tetA	tetR	blaTEM	aadA1.1	sul1	dhfr3b	catA1	catB3	tetA.1	tetC	tetD	tetR.1	dfrA5	dfrA8	dfrA12	dfrA14	aadA2	bla.CTXM.15	bla.OXA.1	bla.OXA.10
1166	ERS009849	ERR025743	IP	France	Europe	1966	no	S	S	S	S	S	S	S	R	0	0	0	0	16	8	0	0	0	0	0	0	0	0	0	0	0	0	0	0	0	0	0	0	0
1167	ERS009850	ERR025744	IP	France	Europe	1967	no	S	S	S	S	S	S	S	S	0	0	14	6	0	0	0	0	0	0	0	0	0	0	0	0	0	0	0	0	0	0	0	0	0
1173	ERS009853	ERR025746	IP	France	Europe	1973	no	S	S	S	S	S	S	S	S	0	0	0	6	0	0	0	0	0	0	0	0	0	4	0	0	9	0	0	0	0	0	0	0	0
1263	ERS009847	ERR025741	IP	France	Europe	1963	no	S	S	S	S	S	S	S	S	0	0	0	0	13	0	0	0	0	0	0	0	0	0	0	0	0	0	0	0	0	0	0	0	0
1265	ERS009848	ERR025742	IP	France	Europe	1965	no	S	S	S	S	S	S	S	S	0	14	0	0	0	0	0	0	11	0	0	0	0	0	0	0	0	0	0	0	0	0	0	0	0
1267	ERS009851	ERR025735	IP	France	Europe	1967	no	S	S	S	S	S	S	S	S	0	0	0	0	0	0	0	0	0	0	0	0	0	0	0	0	0	0	0	0	0	0	0	0	0
1274	ERS009857	ERR025752	IP	France	Europe	1974	no	S	S	S	S	S	S	S	S	0	0	0	0	13	0	0	0	0	0	0	0	0	0	0	0	0	0	0	0	0	0	0	0	0
1460	ERS009844	ERR025738	IP	France	Europe	1960	no	S	S	S	S	S	S	S	S	0	0	0	0	18	0	0	0	0	0	0	0	0	0	0	0	0	0	0	0	0	0	0	0	0
1461	ERS009845	ERR025739	IP	France	Europe	1961	no	S	S	S	S	S	S	S	S	0	0	0	0	0	0	0	0	0	0	0	0	0	0	0	0	0	0	0	6	0	0	0	0	0
1567	ERS009852	ERR025736	IP	Senegal	North/West/Central Africa	1967	no	S	S	S	S	S	S	S	S	0	0	0	0	13	0	0	0	0	0	0	0	0	0	0	0	0	0	0	0	0	0	0	0	0
1761	ERS009846	ERR025740	IP	France	Europe	1961	no	S	S	S	S	S	S	S	S	0	0	0	0	0	4	17	0	0	0	0	0	0	0	0	0	0	0	0	0	0	0	0	0	0
19904011	ERS008181	ERR028694	SSSCRL	UK	Europe	1990	no	S	R	R	R	R	ND	S	R	100	100	100	100	100	100	100	100	80	0	0	23	0	13	0	0	12	0	0	37	0	0	0	0	0
19910761	ERS008163	ERR028675	SSSCRL	UK	Europe	1991	no	S	R	R	R	S	ND	S	S	0	0	99	100	96	19	12	100	0	0	0	0	0	0	0	0	0	4	0	9	0	0	0	0	0
19911483	ERS008172	ERR028673	SSSCRL	UK	Europe	1991	no	S	R	S	R	S	ND	S	R	49	70	100	100	100	76	97	100	56	0	0	0	0	25	0	0	32	9	0	35	0	35	0	0	0
19920319	ERS008173	ERR028674	SSSCRL	UK	Europe	1992	no	S	R	S	S	S	ND	S	S	16	2	62	33	51	41	0	100	0	0	0	0	0	13	11	0	0	18	0	9	0	0	0	0	0
19984123	ERS008178	ERR028691	SSSCRL	Mexico	Caribbean/Central America	1998	no	S	R	R	R	R	ND	S	R	41	10	55	34	53	59	50	100	8	0	0	0	0	13	0	0	0	0	0	6	0	0	0	0	0
20003593	ERS008175	ERR028688	SSSCRL	UK	Europe	2000	no	S	R	R	R	R	ND	S	R	0	26	30	16	0	44	29	0	20	0	0	0	0	0	20	19	0	0	0	8	0	0	0	0	0
20010007	ERS008190	ERR028702	SSSCRL	UK	Europe	2001	no	S	R	R	R	R	ND	S	R	100	100	87	82	100	66	91	0	88	0	0	0	0	100	100	100	100	0	0	47	10	0	0	3	3.12
20011685	ERS008182	ERR028695	SSSCRL	UK	Europe	2001	no	S	S	R	R	R	ND	S	R	100	100	100	100	100	100	100	0	80	0	0	0	0	22	0	0	24	0	0	51	10	0	0	0	0
20021122	ERS008176	ERR028689	SSSCRL	UK	Europe	2002	no	S	S	R	R	R	ND	S	R	100	100	100	100	100	100	100	0	80	0	0	0	0	0	11	46	0	0	0	37	11	0	0	0	0
20031275	ERS008177	ERR028690	SSSCRL	Iran	MiddleEast	2003	no	S	S	R	R	R	ND	S	R	100	100	100	100	100	98	100	0	80	0	0	0	0	0	0	0	0	0	0	29	10	0	0	0	0
20040489	ERS008179	ERR028692	SSSCRL	UK	Europe	2004	no	S	S	S	S	S	ND	S	S	42	38	47	55	0	24	18	0	30	0	0	0	0	5	22	20	11	0	0	16	0	0	0	0	0
20040880	ERS008167	ERR028679	SSSCRL	Sri Lanka	Central Asia	2004	gyrA-83L	R	R	S	S	R	ND	S	S	100	21	20	36	70	12	39	100	17	0	0	0	0	0	0	0	0	0	0	30	0	0	0	0	0
20040924	ERS008186	ERR028697	SSSCRL	Kenya	East Africa & Madagascar	2004	no	S	S	R	R	R	ND	S	R	100	100	100	100	100	100	100	0	80	0	0	0	0	21	0	9	24	0	0	40	12	0	0	0	0
20041367	ERS008164	ERR028676	SSSCRL	UK	Europe	2004	gyrA-83L	R	S	S	S	R	ND	S	S	100	15	38	21	15	14	5	0	13	0	0	0	0	0	0	0	0	0	0	22	0	0	0	0	0
20051272	ERS008162	ERR028671	SSSCRL	Egypt	Egypt	2005	no	S	S	R	R	R	ND	S	R	100	100	100	97	96	98	97	0	80	0	0	0	0	0	0	0	0	0	0	27	10	0	0	0	0
20051541	ERS008169	ERR028681	SSSCRL	Uzbekistan	Central Asia	2005	no	S	R	R	R	R	ND	R	R	100	100	100	100	100	100	100	0	80	0	0	0	0	0	0	0	0	0	0	38	0	0	0	0	0
20052631	ERS008180	ERR028693	SSSCRL	Peru	SouthAmerica	2005	no	S	R	R	R	R	ND	R	R	0	100	48	28	11	36	80	0	100	0	0	100	0	100	100	100	100	0	7	4	10	0	100	0	0
20060018	ERS008165	ERR028677	SSSCRL	Egypt	Egypt	2006	no	S	S	R	R	R	ND	S	R	100	100	100	100	100	100	100	0	82	0	0	0	0	0	0	0	0	8	0	33	10	0	0	0	0
20061309	ERS008174	ERR028684	SSSCRL	Egypt	Egypt	2006	no	S	S	R	R	R	ND	S	R	100	100	100	100	100	100	100	0	80	0	0	0	0	0	0	0	12	0	0	49	0	0	0	0	0
20061758	ERS008171	ERR028672	SSSCRL	Dominican Republic	Caribbean/Central America	2006	no	S	R	R	R	R	ND	S	R	0	36	100	100	100	15	12	100	29	0	0	0	0	100	100	14	100	100	0	3	0	0	0	0	0
20062087	ERS008187	ERR028699	SSSCRL	Egypt_Tunisia	Egypt	2006	no	S	S	R	S	R	ND	S	S	100	100	91	99	99	74	94	0	80	0	0	0	0	35	32	59	0	0	0	33	12	0	0	0	0
20062313	ERS008191	ERR028703	SSSCRL	Nepal	Central Asia	2006	no	R	S	R	R	R	ND	S	R	100	100	89	25	100	36	44	0	80	0	0	0	0	100	100	100	100	4	0	38	12	0	0	0	0
20071599	ERS008188	ERR028700	SSSCRL	UK	Europe	2007	no	S	R	R	R	R	ND	S	R	100	91	100	100	100	100	100	100	73	0	0	0	0	100	100	51	100	38	0	36	0	0	0	0	0
20081885	ERS008166	ERR028678	SSSCRL	UK	Europe	2008	no	S	R	R	R	R	ND	S	R	100	100	100	100	100	100	100	100	80	0	0	0	0	0	0	0	0	37	0	23	11	100	0	0	0
2073	ERS009854	ERR025749	IP	France	Europe	1973	no	S	S	S	S	S	S	S	S	0	14	13	0	13	0	0	0	11	0	0	0	0	0	0	0	0	0	0	0	0	0	0	0	0
2225	ERS009868	ERR025764	IP	French Guiana	SouthAmerica	2000	no	S	S	R	R	R	R	S	R	100	100	0	13	99	0	0	0	79	12	0	0	0	100	100	100	100	0	0	23	0	0	0	0	0
2574	ERS009858	ERR025753	IP	France	Europe	1974	no	S	S	R	R	S	S	S	S	23	0	100	100	100	3	0	0	0	0	0	0	0	0	0	0	0	0	0	0	0	0	0	0	0
259	ERS009843	ERR025737	IP	France	Europe	1959	no	S	S	S	S	S	S	S	S	0	0	0	0	84	11	15	0	0	0	0	0	0	0	0	0	0	0	0	0	0	0	0	0	0
273	ERS009855	ERR025750	IP	Senegal	North/West/Central Africa	1973	no	S	S	S	S	S	S	S	S	0	0	0	6	13	0	0	0	0	0	0	0	0	0	0	0	0	0	0	0	0	0	0	0	0
31382	ERS009871	ERR025767	IP	Israel	MiddleEast	2003	no	S	R	R	R	S	S	R	R	100	100	100	100	100	3	0	100	80	0	0	16	0	0	8	13	0	38	0	28	11	0	0	0	0
32222	ERS009872	ERR025768	IP	Cuba	Caribbean/Central America	2003	no	S	S	R	R	R	R	S	R	100	100	100	100	100	100	100	0	79	0	0	0	0	0	0	0	0	0	0	29	7	0	0	0	0
36224	ERS009873	ERR025759	IP	Senegal	North/West/Central Africa	2003	no	S	S	R	R	R	R	S	R	100	100	100	100	100	100	100	0	80	0	0	0	0	8	0	0	0	0	0	28	7	0	0	0	0
373	ERS009856	ERR025751	IP	Cameroon	North/West/Central Africa	1973	no	S	S	S	S	S	S	S	S	0	0	27	0	0	0	0	0	0	0	0	0	0	9	0	0	0	0	0	0	0	0	0	0	0
41191	ERS009875	ERR024604	IP	Tanzania	East Africa & Madagascar	2004	no	S	S	S	S	S	S	S	S	0	0	13	0	13	0	0	0	0	0	0	0	0	0	0	0	0	0	0	0	0	0	0	0	0
4374	ERS009859	ERR025754	IP	France	Europe	1974	no	S	S	S	R	S	S	S	R	0	24	13	0	100	3	0	0	20	0	0	0	0	100	100	100	100	0	0	0	0	0	0	0	0
4474	ERS009860	ERR025755	IP	France	Europe	1974	no	S	S	S	S	S	S	S	S	0	0	12	8	0	0	0	0	0	0	0	0	0	0	0	0	0	0	0	0	0	0	0	0	0
476	ERS009861	ERR025756	IP	France	Europe	1976	no	S	S	S	S	S	S	S	S	0	0	0	0	0	0	0	0	0	0	0	0	0	0	0	0	0	0	0	0	0	0	0	0	0
54178	ERS009832	ERR025726	IP	Sweden	Europe	1945	no	S	S	S	S	S	S	S	S	0	0	0	0	0	0	0	0	0	0	0	0	0	0	0	0	0	0	0	0	0	0	0	0	0
54179	ERS009833	ERR025727	IP	Sweden	Europe	1944	no	S	S	S	S	S	S	S	S	0	0	0	0	0	0	0	0	0	0	0	0	0	9	37	26	17	0	8	0	0	0	0	0	0
54181	ERS009834	ERR025728	IP	Sweden	Europe	1945	no	S	S	S	S	S	S	S	S	0	0	0	0	0	0	0	0	0	0	0	0	0	0	0	0	0	0	0	0	0	0	0	0	0
54184	ERS009835	ERR025729	IP	Sweden	Europe	1945	no	S	S	S	S	S	S	S	S	0	0	0	13	13	0	0	0	0	0	0	0	0	0	0	0	0	0	0	0	0	0	0	0	0
54185	ERS009836	ERR025730	IP	Denmark	Europe	1945	no	S	S	S	S	S	S	S	S	0	0	0	0	13	0	0	0	0	0	0	0	0	0	0	0	0	0	0	0	0	0	0	0	0
54190	ERS009837	ERR025731	IP	Sweden	Europe	1945	no	S	S	S	S	S	S	S	S	0	0	0	0	0	0	0	0	0	0	0	0	0	0	0	0	0	0	0	0	0	0	0	0	0
54210	ERS009838	ERR025732	IP	Sweden	Europe	1943	no	S	S	S	S	S	S	S	S	0	0	13	10	0	17	0	0	0	0	0	0	0	0	0	0	0	0	0	0	0	0	0	0	0
54213	ERS009839	ERR025722	IP	France	Europe	1945	no	S	S	S	S	S	S	S	S	0	14	0	0	13	0	0	0	11	0	0	0	0	0	0	0	0	0	0	0	0	0	0	0	0
54216	ERS009840	ERR025723	IP	Sweden	Europe	1946	no	S	S	S	S	S	S	S	S	0	0	0	0	0	0	0	0	0	0	0	0	0	0	0	0	0	0	0	0	0	0	0	0	0
54228	ERS009841	ERR025724	IP	Sweden	Europe	1947	no	S	S	S	S	S	S	S	S	11	0	0	0	0	0	0	0	0	0	0	0	0	0	0	0	0	0	0	0	0	0	0	0	0
55623	ERS009876	ERR024607	IP	Morocco	North/West/Central Africa	2005	no	S	S	S	S	S	S	S	S	0	0	10	16	13	0	0	0	0	0	0	0	0	0	0	0	0	0	0	0	0	0	0	0	0
5827	ERS009869	ERR025765	IP	Madagascar	East Africa & Madagascar	2000	no	S	S	S	R	R	R	S	S	23	0	27	5	0	0	0	0	21	100	0	0	0	0	16	0	0	39	17	0	0	0	0	0	0
60108	ERS009877	ERR024608	IP	French Guiana	SouthAmerica	2006	no	S	S	R	R	R	R	S	R	100	100	100	100	100	100	100	0	80	0	0	0	0	0	0	0	0	0	0	29	8	0	0	0	0
62542	ERS009878	ERR024609	IP	Burkina Faso	North/West/Central Africa	2006	no	S	S	R	R	R	R	S	R	100	100	100	100	100	100	100	0	80	0	0	0	0	0	0	0	0	0	0	35	9	0	0	0	0
65179	ERS009879	ERR024610	IP	Senegal	North/West/Central Africa	2006	gyrA-83L	R	S	R	R	R	R	S	R	100	0	10	13	13	8	0	0	0	0	0	0	0	0	0	0	0	0	0	35	0	0	0	0	0
65387	ERS009880	ERR024611	IP	Morocco	North/West/Central Africa	2006	no	S	S	R	R	R	R	S	R	100	0	0	0	0	0	0	0	0	0	0	0	0	0	0	0	0	0	0	28	0	0	0	0	0
65623	ERS009881	ERR024612	IP	Morocco	North/West/Central Africa	2006	no	S	S	R	R	R	R	S	R	100	100	0	24	0	0	0	0	80	0	0	0	0	0	0	0	0	0	0	30	10	0	0	0	0
658	ERS009842	ERR025734	IP	France	Europe	1958	no	S	S	S	R	S	S	S	S	0	33	32	24	100	37	0	0	27	0	0	0	0	0	0	0	0	0	0	3	0	0	0	0	0
66396	ERS009883	ERR024614	IP	France 	Europe	2006	no	S	S	S	S	R	S	S	S	100	27	34	32	0	0	8	0	21	0	0	0	0	0	0	0	0	0	0	29	0	0	0	0	0
66470	ERS009884	ERR024605	IP	Haiti	Caribbean/Central America	2006	no	S	R	R	R	R	R	S	R	16	0	18	19	0	13	28	0	0	0	0	0	0	0	0	0	0	0	0	10	0	0	0	0	0
74369	ERS009885	ERR024606	IP	France	Europe	2007	no	S	R	R	R	R	R	S	S	11	7	100	100	100	3	0	100	5	0	0	0	0	0	0	0	0	0	0	71	0	0	0	0	0
8883	ERS009862	ERR025747	IP	France	Europe	1983	no	S	S	S	S	S	S	S	S	11	7	0	0	0	0	0	0	5	0	0	0	0	0	0	0	0	0	0	0	0	0	0	0	0
970044	ERS009863	ERR025748	IP	New Caledonia	Pacific	1997	no	S	S	R	S	R	S	S	S	100	100	3	10	0	0	0	0	79	0	0	0	0	0	0	0	0	0	0	30	7	0	0	0	0
9810267	ERS009866	ERR025762	IP	Madagascar	East Africa & Madagascar	1998	no	S	S	S	S	S	S	S	S	0	0	27	13	0	0	0	0	0	0	0	16	0	0	0	0	0	3	0	0	0	0	0	0	0
988743	ERS009864	ERR025758	IP	French Guiana	SouthAmerica	1998	no	S	S	S	S	S	S	S	S	0	0	13	13	0	8	0	0	3	0	0	47	0	42	45	68	30	0	0	0	0	0	24	0	0
989560	ERS009865	ERR025761	IP	Madagascar	East Africa & Madagascar	1998	no	S	R	R	S	S	S	R	R	23	100	0	0	0	0	0	0	100	0	0	100	0	100	100	100	100	0	14	0	0	0	100	0	0
998911	ERS009867	ERR025763	IP	France	Europe	1999	no	S	R	S	S	S	S	S	S	25	0	0	0	0	0	0	100	0	0	0	0	0	9	28	26	0	0	0	0	0	0	12	0	0
CS1	ERS008194	ERR028706	UEC	Brazil	SouthAmerica	1997	no	ND	S	R	ND	ND	R	S	R	67	37	58	38	47	34	26	0	29	0	0	0	0	15	0	0	16	0	0	3	0	0	0	0	0
CS14	ERS008185	ERR028687	UEC	Brazil	SouthAmerica	2001	no	ND	S	S	ND	ND	R	S	R	100	100	38	38	100	11	45	0	80	0	0	0	0	100	100	100	100	0	0	45	10	0	10	0	0
CS2	ERS008168	ERR028680	UEC	Brazil	SouthAmerica	1997	no	ND	R	R	ND	ND	R	S	S	0	1	100	100	100	21	12	100	0	0	0	0	0	13	0	0	0	100	0	6	0	0	0	0	0
CS20	ERS008183	ERR028685	UEC	Brazil	SouthAmerica	2002	no	ND	S	S	ND	ND	R	S	R	100	100	68	59	100	24	47	0	80	0	0	27	0	100	100	100	100	0	0	54	12	0	0	0	0
CS6	ERS008184	ERR028686	UEC	Brazil	SouthAmerica	2000	no	ND	S	R	ND	ND	R	S	R	100	100	0	18	100	12	23	0	81	0	0	0	0	100	100	100	100	8	0	31	0	0	0	0	0
CS7	ERS008192	ERR028704	UEC	Brazil	SouthAmerica	2000	no	ND	S	R	ND	ND	R	S	R	100	100	69	27	100	25	34	0	89	0	0	9	0	100	100	100	100	8	0	38	10	0	0	0	0
CS8	ERS008193	ERR028705	UEC	Brazil	SouthAmerica	2000	gyrA-83L	ND	S	R	ND	ND	R	S	R	100	65	100	100	100	100	100	0	64	0	0	0	0	65	32	35	43	8	6	39	0	0	0	0	0
IB1	ERS009897	ERR024616	IVI	Korea	Korea	2003	gyrA-83L	R	R	R	ND	ND	R	S	R	100	98	100	100	100	100	100	100	96	100	0	0	0	0	16	0	0	41	99	27	100	0	0	0	0
IB10	ERS009900	ERR024622	IVI	Korea	Korea	2003	gyrA-83L	R	R	R	ND	ND	R	S	R	100	34	100	100	100	100	100	0	29	0	0	0	0	0	0	0	0	0	0	29	0	0	0	13	13.48
IB1970	ERS009803	ERR025683	IVI	Vietnam	Vietnam	2001	no	S	R	R	ND	ND	R	S	S	100	100	0	0	0	0	0	0	79	19	0	0	0	0	16	0	0	0	0	20	0	0	0	0	0
IB1976	ERS009804	ERR025684	IVI	Vietnam	Vietnam	2002	gyrA-87G	R	R	R	ND	ND	R	S	S	100	100	0	0	0	0	0	0	79	12	0	0	0	0	0	0	0	0	0	27	0	0	0	0	0
IB1980	ERS009805	ERR025685	IVI	Vietnam	Vietnam	2002	no	S	R	R	ND	ND	R	S	S	100	100	0	0	0	0	0	0	80	29	0	16	0	4	0	0	0	0	0	29	0	0	0	0	0
IB1985	ERS009806	ERR025695	IVI	Vietnam	Vietnam	2002	no	S	R	R	ND	ND	R	S	R	100	100	100	100	100	100	100	0	80	0	0	0	0	0	0	0	0	0	0	24	0	0	0	0	0
IB1987	ERS009807	ERR025699	IVI	Vietnam	Vietnam	2002	gyrA-83L	R	R	R	ND	ND	R	S	R	100	100	100	100	100	100	100	0	85	0	0	0	0	0	0	0	0	0	0	49	10	0	0	0	0
IB1990	ERS009808	ERR025700	IVI	Vietnam	Vietnam	2003	no	S	R	R	ND	ND	R	S	R	100	100	100	100	100	100	100	100	100	0	0	0	0	0	0	0	0	41	0	97	7	0	0	0	0
IB1993	ERS009809	ERR025701	IVI	Vietnam	Vietnam	2003	no	S	R	R	ND	ND	R	S	S	100	100	54	23	24	21	36	0	85	0	0	0	0	0	0	0	0	0	0	26	7	0	0	0	0
IB1995	ERS009810	ERR025702	IVI	Vietnam	Vietnam	2003	gyrA-87G	R	R	R	ND	ND	R	S	R	100	100	100	100	100	100	100	0	79	0	0	0	0	0	0	0	0	0	0	28	7	0	0	0	0
IB1997	ERS009811	ERR025703	IVI	Vietnam	Vietnam	2003	gyrA-83L	R	R	R	ND	ND	R	S	R	100	100	100	100	100	100	100	0	80	0	0	0	0	0	0	0	0	0	0	38	7	0	0	0	0
IB2	ERS009898	ERR024620	IVI	Korea	Korea	2003	no	S	R	R	ND	ND	R	S	R	100	100	100	100	100	100	100	0	100	100	0	0	0	0	0	0	0	39	20	30	8	0	0	0	0
IB2000	ERS009812	ERR025704	IVI	Vietnam	Vietnam	2003	no	S	R	R	ND	ND	R	S	S	100	100	7	19	13	31	30	0	80	0	0	0	0	0	0	0	0	0	0	17	7	0	0	0	0
IB2004	ERS009813	ERR025705	IVI	Vietnam	Vietnam	2003	no	S	R	R	ND	ND	R	S	S	100	100	9	13	21	0	0	0	80	12	0	0	0	0	0	0	0	0	0	30	7	0	0	0	0
IB2008	ERS009814	ERR025706	IVI	Vietnam	Vietnam	2003	no	S	R	R	ND	ND	R	S	R	100	100	39	26	28	37	19	0	80	0	0	0	0	0	0	0	0	0	0	25	0	0	0	0	0
IB2009	ERS009815	ERR025696	IVI	Vietnam	Vietnam	2003	no	S	R	R	ND	ND	R	S	S	100	100	20	11	0	29	8	0	80	0	0	0	0	0	0	0	0	0	0	25	0	0	0	0	0
IB2012	ERS009816	ERR025697	IVI	Vietnam	Vietnam	2001	gyrA-87Y	R	S	R	ND	ND	R	S	R	100	100	100	100	100	100	100	0	82	0	0	0	0	0	0	0	0	0	0	26	0	0	0	0	0
IB2013	ERS009817	ERR025698	IVI	Vietnam	Vietnam	2001	no	S	R	R	ND	ND	R	S	R	100	100	100	100	100	100	100	0	80	0	0	0	0	0	0	0	0	0	0	24	7	0	0	0	0
IB2015	ERS009818	ERR025708	IVI	Vietnam	Vietnam	2002	no	S	R	R	ND	ND	R	S	R	100	100	100	100	100	100	100	0	79	0	0	0	0	0	0	0	0	0	0	25	0	0	0	0	0
IB2018	ERS009819	ERR025712	IVI	Vietnam	Vietnam	2002	no	S	R	R	ND	ND	R	S	S	100	100	83	67	79	84	90	0	79	0	0	0	0	4	8	0	0	0	0	29	10	0	0	0	0
IB2024	ERS009820	ERR025713	IVI	Vietnam	Vietnam	2002	gyrA-87G	R	R	R	ND	ND	R	S	S	100	100	7	19	0	8	25	0	80	0	0	0	0	0	0	0	0	0	0	28	7	0	0	0	0
IB2026	ERS009821	ERR025714	IVI	Vietnam	Vietnam	2003	gyrA-87G	R	R	R	ND	ND	R	S	S	100	100	23	17	0	17	0	0	80	0	0	0	0	0	0	0	0	1	0	29	7	0	0	0	0
IB2493	ERS009822	ERR025715	IVI	Korea	Korea	NA	no	S	R	S	ND	ND	S	S	R	51	28	13	19	0	98	100	0	22	0	0	0	0	0	0	0	0	0	0	8	0	0	0	0	0
IB3	ERS009899	ERR024621	IVI	Korea	Korea	2003	gyrA-83L	R	R	R	ND	ND	R	S	S	100	100	86	95	100	85	85	100	100	100	0	0	100	0	0	0	0	39	0	30	9	0	0	100	100
IB3277	ERS009824	ERR025717	IVI	Pakistan	Central Asia	2002	no	S	R	R	ND	ND	R	S	R	100	7	100	100	100	100	100	0	11	23	0	0	0	0	0	0	0	0	0	35	7	0	0	0	0
IB3300	ERS009825	ERR025718	IVI	Pakistan	Central Asia	2002	no	S	R	R	ND	ND	R	S	R	100	100	100	100	100	100	100	0	80	0	0	0	0	0	0	0	0	0	0	32	8	0	0	0	0
IB3374	ERS009826	ERR025719	IVI	Pakistan	Central Asia	2002	no	S	R	R	ND	ND	R	S	R	100	100	100	100	100	100	100	0	80	0	0	0	0	0	0	0	0	0	0	27	11	0	0	0	0
IB3488	ERS009827	ERR025709	IVI	Pakistan	Central Asia	2003	gyrA-87Y	R	R	R	ND	ND	R	S	R	100	0	100	100	100	100	100	0	0	0	0	0	0	0	0	0	0	0	0	29	0	0	0	0	0
IB3507	ERS009828	ERR025710	IVI	Pakistan	Central Asia	2003	no	S	R	R	ND	ND	R	S	R	100	21	100	100	100	100	100	0	16	0	0	0	0	0	0	0	0	0	0	36	0	0	0	0	0
IB3580	ERS009829	ERR025711	IVI	Pakistan	Central Asia	2003	gyrA-87Y	R	R	R	ND	ND	R	S	R	100	0	100	100	100	100	100	0	0	0	0	0	0	0	0	0	0	0	0	29	0	0	0	0	0
IB3599	ERS009830	ERR025721	IVI	Pakistan	Central Asia	2003	no	S	R	R	ND	ND	R	S	R	100	14	100	100	100	100	100	0	16	0	4	8	0	30	0	39	32	0	0	17	0	0	0	0	0
IB48279	ERS009823	ERR025716	IVI, originally IP	France	Europe	1979	no	S	R	S	ND	ND	S	S	S	35	63	86	78	49	0	0	0	50	0	0	0	0	0	0	0	0	0	0	10	0	0	0	0	0
IB681	ERS009903	ERR024625	IVI	Korea	Korea	1991	no	S	R	R	ND	ND	R	S	R	100	100	13	13	17	0	17	100	99	100	0	0	0	0	0	0	0	41	98	29	100	0	0	0	0
IB683	ERS009904	ERR024626	IVI	Korea	Korea	1994	no	S	R	R	ND	ND	R	S	R	100	100	100	100	100	100	100	0	80	0	0	0	0	0	0	0	0	0	0	32	7	0	0	0	0
IB687	ERS009905	ERR024627	IVI	Korea	Korea	1998	gyrA-83L	R	R	R	ND	ND	R	S	R	100	100	100	100	100	100	100	0	80	0	0	0	0	0	0	0	0	0	0	33	10	0	0	0	0
IB690	ERS009906	ERR024617	IVI	Korea	Korea	2000	gyrA-83L	R	R	R	ND	ND	R	S	R	100	100	100	100	100	100	100	0	80	0	0	0	0	0	0	0	0	34	0	28	9	0	0	0	0
IB691	ERS009907	ERR024618	IVI	Korea	Korea	1999	gyrA-83L	R	R	R	ND	ND	R	S	R	100	100	100	100	100	100	100	0	99	100	0	0	0	9	0	0	0	41	100	31	100	0	0	0	0
IB694	ERS009908	ERR024619	IVI	Korea	Korea	1979	no	S	R	R	ND	ND	R	R	R	0	100	37	19	0	31	17	0	100	100	100	100	0	100	100	100	100	0	12	0	11	0	0	0	0
IB695	ERS009794	ERR025682	IVI	Korea	Korea	1983	gyrA-87G	R	R	R	ND	ND	R	R	R	0	100	0	0	0	0	0	0	100	100	100	100	0	100	100	100	100	0	0	3	7	0	0	0	0
IB696	ERS009795	ERR025686	IVI	Korea	Korea	1980	no	S	R	R	ND	ND	R	R	R	0	100	0	0	0	0	0	0	100	100	100	100	0	100	100	100	100	0	19	0	7	0	0	0	0
IB697	ERS009796	ERR025687	IVI	Korea	Korea	1982	no	S	R	R	ND	ND	R	R	R	0	100	0	0	0	0	0	0	100	100	100	100	0	100	100	100	100	0	19	9	17	0	0	0	0
IB698	ERS009797	ERR025688	IVI	Korea	Korea	1983	no	S	R	R	ND	ND	R	R	R	0	100	0	0	0	0	0	0	100	100	100	100	0	100	100	100	100	0	22	0	10	0	0	0	0
IB713	ERS009798	ERR025689	IVI	Korea	Korea	1981	no	S	R	R	ND	ND	R	S	S	0	100	13	0	0	0	0	0	100	100	100	33	0	36	16	0	40	0	0	0	0	0	0	0	0
IB716	ERS009799	ERR025690	IVI	Korea	Korea	1981	gyrA-83L	R	R	R	ND	ND	R	R	R	33	100	60	51	21	23	17	0	100	100	100	100	0	100	100	100	100	0	14	0	7	0	0	0	0
IB717	ERS009800	ERR025691	IVI	Korea	Korea	1982	gyrA-83L	R	R	S	ND	ND	S	S	S	0	0	0	0	0	0	0	0	0	46	15	0	0	0	0	0	0	0	0	7	0	0	0	0	0
IB739	ERS009801	ERR025692	IVI	Korea	Korea	1985	gyrA-87G	R	R	S	ND	ND	S	S	S	0	40	0	0	0	0	0	0	44	17	23	33	0	27	0	0	9	0	0	0	0	0	0	0	0
IB748	ERS009802	ERR025693	IVI	Korea	Korea	1987	no	S	R	R	ND	ND	R	R	R	0	100	0	0	0	0	0	0	100	100	100	100	0	100	100	100	100	0	17	0	7	0	0	0	0
pWR105	ERS009831	ERR025725	IVI, originally IP	France	Europe	1979	no	S	R	S	ND	ND	S	S	S	43	0	98	94	100	83	90	0	0	0	0	0	0	0	0	0	0	0	0	0	0	0	0	0	0
